{
  "current-scene": "d198b159-a52c-436f-b5d0-a5f521e3216a",
  "gizmos-infos": {
    "iconGizmoSize": 2,
    "isGridVisible": true,
    "isIconGizmo3D": false
  },
  "camera-infos": {
    "f46876e4-e81b-4931-b493-6d367be385e7": {
      "position": {
        "x": 18.855929017839316,
        "y": 2.6438176421302804,
        "z": 4.49047484670481
      },
      "rotation": {
        "w": -0.7711580723381544,
        "x": 0.020536735207181904,
        "y": -0.6358945753342837,
        "z": -0.01594694034601237
      },
      "viewCenter": {
        "x": -0.5992756348323862,
        "y": 1.6124888482323534,
        "z": 0.7158299295282938
      }
    }
  },
  "camera-uuids": [
    "f46876e4-e81b-4931-b493-6d367be385e7"
  ]
}
